"PLAYER","POS","LG","TEAM","AGE","$$$","PA","AB","IP","HR","RBI","SB","AVG","W","SV","ERA","WHIP"
"Rodriguez, Alex","3B","AL","NYA","32","$46.57","671","562","","35","115","22","0.294","","","","",
"Crawford, Carl","LF","AL","TBA","26","$44.51","668","617","","13","68","37","0.299","","","","",
"Roberts, Brian","2B","AL","BAL","30","$40.52","684","596","","14","69","36","0.285","","","","",
"Papelbon, Jonathan","RP","AL","BOS","27","$37.50","","","70","","","","","5","40","2.59","1.07",
"Street, Huston","RP","AL","OAK","24","$37.16","","","70","","","","","4","39","2.51","1.02",
"Sizemore, Grady","CF","AL","CLE","25","$36.82","722","623","","27","96","21","0.277","","","","",
"Ellsbury, Jacoby","LF","AL","BOS","24","$35.84","663","599","","5","59","36","0.288","","","","",
"Upton, B.J.","2B,CF","AL","TBA","23","$33.96","600","521","","18","68","31","0.270","","","","",
"Figgins, Chone","3B","AL","LAA","30","$32.64","608","533","","6","48","36","0.283","","","","",
"Sabathia, C.c.","SP","AL","CLE","27","$32.32","","","220","","","","","15","0","3.42","1.20",
"Cabrera, Miguel","3B","AL","DET","25","$31.96","688","604","","29","110","5","0.301","","","","",
"Putz, J.J.","RP","AL","SEA","31","$31.89","","","65","","","","","4","35","2.62","1.07",
"Kinsler, Ian","2B","AL","TEX","26","$31.47","684","602","","21","83","23","0.268","","","","",
"Ortiz, David","DH","AL","BOS","32","$31.02","686","563","","34","122","5","0.283","","","","",
"Guerrero, Vladimir","RF,DH","AL","LAA","32","$30.27","652","585","","22","102","6","0.311","","","","",
"Soria, Joakim","RP","AL","KCA","24","$30.27","","","75","","","","","4","36","3.16","1.19",
"Hunter, Torii","CF","AL","LAA","32","$29.59","600","546","","20","87","17","0.284","","","","",
"Rodriguez, Francisco","RP","AL","LAA","26","$28.82","","","65","","","","","4","35","2.79","1.21",
"Nathan, Joe","RP","AL","MIN","33","$28.48","","","65","","","","","4","33","2.91","1.13",
"Rivera, Mariano","RP","AL","NYA","38","$28.32","","","65","","","","","5","30","2.60","1.12",
"Rios, Alexis","CF,RF","AL","TOR","27","$28.30","647","583","","20","83","16","0.281","","","","",
"Suzuki, Ichiro","CF","AL","SEA","34","$27.89","684","634","","4","51","22","0.303","","","","",
"Young, Delmon","CF,RF","AL","MIN","22","$27.81","620","579","","17","81","14","0.294","","","","",
"Granderson, Curtis","CF","AL","DET","27","$26.91","684","608","","22","87","16","0.267","","","","",
"Kazmir, Scott","SP","AL","TBA","24","$25.62","","","185","","","","","12","0","3.23","1.23",
"Bedard, Erik","SP","AL","SEA","29","$25.38","","","200","","","","","12","0","3.37","1.24",
"Guillen, Carlos","1B,SS","AL","DET","32","$25.07","603","535","","17","80","12","0.293","","","","",
"Jones, Adam","LF","AL","BAL","22","$25.05","631","571","","23","84","12","0.274","","","","",
"Jeter, Derek","SS","AL","NYA","34","$24.92","705","629","","9","71","14","0.297","","","","",
"Markakis, Nick","RF","AL","BAL","24","$24.31","652","583","","18","84","10","0.287","","","","",
"Beltre, Adrian","3B","AL","SEA","29","$23.51","668","610","","22","93","10","0.269","","","","",
"Ordonez, Magglio","RF","AL","DET","34","$23.33","600","531","","18","91","4","0.307","","","","",
"Beckett, Josh","SP","AL","BOS","28","$23.27","","","200","","","","","13","0","3.74","1.24",
"Vazquez, Javier","SP","AL","CHA","31","$23.20","","","210","","","","","13","0","3.91","1.23",
"Gordon, Alex","1B,3B","AL","KCA","24","$22.91","570","505","","18","75","16","0.269","","","","",
"Abreu, Bob","RF","AL","NYA","34","$22.89","580","490","","14","69","18","0.275","","","","",
"Swisher, Nicholas","1B,CF,RF","AL","CHA","27","$21.62","660","554","","32","96","3","0.265","","","","",
"Hafner, Travis","DH","AL","CLE","31","$21.14","648","544","","28","98","2","0.275","","","","",
"Ryan, B.j.","RP","AL","TOR","32","$20.69","","","50","","","","","3","28","2.98","1.19",
"Kendrick, Howie","2B","AL","LAA","24","$20.67","594","558","","14","73","10","0.287","","","","",
"Pena, Carlos","1B","AL","TBA","30","$20.59","652","544","","33","100","2","0.259","","","","",
"Shields, James","SP","AL","TBA","26","$20.44","","","190","","","","","12","0","3.88","1.24",
"Sheffield, Gary","DH","AL","DET","39","$20.26","447","381","","15","58","18","0.274","","","","",
"Young, Mike","SS","AL","TEX","31","$20.11","652","598","","10","72","10","0.290","","","","",
"Jenks, Bobby","RP","AL","CHA","27","$20.02","","","60","","","","","3","28","3.33","1.27",
"Pedroia, Dustin","2B","AL","BOS","24","$19.99","668","594","","11","77","7","0.295","","","","",
"Cano, Robinson","2B","AL","NYA","25","$19.75","587","545","","14","79","5","0.299","","","","",
"Morneau, Justin","1B","AL","MIN","27","$19.45","636","566","","24","95","3","0.271","","","","",
"Verlander, Justin","SP","AL","DET","25","$18.86","","","205","","","","","13","0","3.92","1.30",
"Damon, Johnny","LF,CF,DH","AL","NYA","34","$18.73","549","484","","11","61","15","0.278","","","","",
"Thome, Jim","DH","AL","CHA","37","$18.66","543","455","","32","90","1","0.267","","","","",
"Butler, Billy","DH","AL","KCA","22","$18.63","620","553","","18","84","3","0.288","","","","",
"Wells, Vernon","CF","AL","TOR","29","$18.20","585","525","","19","77","8","0.271","","","","",
"Halladay, Roy","SP","AL","TOR","31","$18.02","","","220","","","","","13","0","4.06","1.31",
"Mauer, Joe","C","AL","MIN","25","$17.87","594","519","","9","62","10","0.294","","","","",
"Teahen, Mark","RF","AL","KCA","26","$17.73","590","525","","12","68","12","0.274","","","","",
"Brown, Emil","LF,RF","AL","OAK","33","$17.68","718","648","","15","78","12","0.256","","","","",
"Dye, Jermaine","RF","AL","CHA","34","$17.62","516","461","","24","81","6","0.265","","","","",
"Gomes, Jonny","LF,RF,DH","AL","TBA","27","$17.59","506","432","","24","70","12","0.246","","","","",
"Liriano, Francisco","SP","AL","MIN","24","$17.40","","","140","","","","","9","0","3.25","1.22",
"Bonderman, Jeremy","SP","AL","DET","25","$17.31","","","195","","","","","12","0","4.00","1.28",
"Martinez, Victor","C,1B","AL","CLE","29","$17.28","600","525","","17","85","1","0.293","","","","",
"Chamberlain, Joba","SP","AL","NYA","22","$17.09","","","150","","","","","10","0","3.47","1.25",
"Lowell, Mike","3B","AL","BOS","34","$17.07","603","543","","14","85","4","0.285","","","","",
"Bradley, Milton","LF","AL","TEX","30","$17.01","482","422","","18","66","8","0.283","","","","",
"Guillen, Jose","RF","AL","KCA","32","$16.90","580","527","","18","80","4","0.280","","","","",
"Burnett, A.J.","SP","AL","TOR","31","$16.88","","","185","","","","","11","0","3.83","1.29",
"Ramirez, Manny","LF","AL","BOS","36","$16.88","565","478","","22","89","1","0.281","","","","",
"Konerko, Paul","1B","AL","CHA","32","$16.76","600","519","","26","89","1","0.267","","","","",
"Cabrera, Orlando","SS","AL","CHA","33","$16.44","646","585","","8","55","15","0.269","","","","",
"Matsuzaka, Daisuke","SP","AL","BOS","27","$16.26","","","195","","","","","12","0","4.00","1.30",
"Matthews, Gary","CF","AL","LAA","33","$16.12","542","484","","13","69","10","0.273","","","","",
"Matsui, Hideki","LF,DH","AL","NYA","34","$16.00","545","474","","17","80","3","0.286","","","","",
"Hamilton, Josh","CF","AL","TEX","27","$15.96","494","444","","17","70","6","0.283","","","","",
"Cuddyer, Mike","RF","AL","MIN","29","$15.91","614","541","","17","77","6","0.270","","","","",
"Lugo, Julio","SS","AL","BOS","32","$15.47","462","414","","5","43","19","0.274","","","","",
"Cabrera, Melky","CF","AL","NYA","23","$15.38","524","471","","8","56","12","0.283","","","","",
"Wilson, C.J.","RP","AL","TEX","27","$14.87","","","65","","","","","3","27","4.14","1.43",
"Thames, Marcus","1B,LF","AL","DET","31","$14.87","487","434","","25","80","5","0.251","","","","",
"Posada, Jorge","C","AL","NYA","36","$14.84","503","431","","17","75","3","0.287","","","","",
"Ibanez, Raul","LF","AL","SEA","36","$14.84","565","504","","17","79","3","0.277","","","","",
"Buck, Travis","RF","AL","OAK","24","$14.71","555","489","","13","69","7","0.277","","","","",
"Lackey, John","SP","AL","LAA","29","$14.67","","","170","","","","","11","0","3.82","1.31",
"Youkilis, Kevin","1B","AL","BOS","29","$14.66","585","495","","16","77","5","0.272","","","","",
"Kubel, Jason","LF,DH","AL","MIN","26","$14.57","504","453","","14","66","8","0.275","","","","",
"Gutierrez, Franklin","RF","AL","CLE","25","$14.28","450","403","","15","56","11","0.267","","","","",
"Garko, Ryan","1B","AL","CLE","27","$14.13","551","489","","20","78","2","0.272","","","","",
"Polanco, Placido","2B","AL","DET","32","$14.09","557","507","","5","54","6","0.306","","","","",
"Fields, Joshua","3B,LF","AL","CHA","25","$13.72","465","408","","19","62","9","0.256","","","","",
"Peralta, Jhonny","SS","AL","CLE","26","$13.66","603","533","","18","73","4","0.266","","","","",
"Sherrill, George","RP","AL","BAL","31","$13.63","","","55","","","","","2","21","3.55","1.26",
"Stairs, Matt","1B,LF","AL","TOR","40","$13.54","457","399","","21","75","2","0.275","","","","",
"Percival, Troy","RP","AL","TBA","38","$13.28","","","50","","","","","3","19","3.60","1.20",
"Ellis, Mark","2B","AL","OAK","31","$13.17","631","562","","14","72","6","0.264","","","","",
"Thomas, Frank","DH","AL","TOR","40","$13.11","494","417","","24","79","2","0.258","","","","",
"Hernandez, Felix","SP","AL","SEA","22","$13.08","","","180","","","","","10","0","3.83","1.34",
"Gomez, Carlos","LF,RF","AL","MIN","22","$13.06","380","347","","5","31","23","0.249","","","","",
"Cabrera, Asdrubal","2B","AL","CLE","22","$12.94","587","525","","8","53","13","0.263","","","","",
"Borowski, Joe","RP","AL","CLE","37","$12.20","","","55","","","","","3","21","4.04","1.34",
"Huff, Aubrey","1B,DH","AL","BAL","31","$12.18","555","500","","15","69","4","0.269","","","","",
"Byrd, Marlon","CF,RF","AL","TEX","30","$12.08","520","472","","12","61","6","0.275","","","","",
"Dejesus, David","CF","AL","KCA","28","$12.04","608","538","","8","57","8","0.274","","","","",
"Overbay, Lyle","1B","AL","TOR","31","$11.67","594","527","","16","72","3","0.264","","","","",
"Longoria, Evan","3B","AL","TBA","22","$11.42","469","417","","18","63","4","0.267","","","","",
"Hill, Aaron","2B","AL","TOR","26","$11.17","587","534","","11","61","5","0.272","","","","",
"Renteria, Edgar","SS","AL","DET","32","$10.89","522","467","","7","51","8","0.279","","","","",
"Carmona, Fausto","SP","AL","CLE","24","$10.84","","","190","","","","","12","0","4.07","1.39",
"Barton, Daric","1B","AL","OAK","22","$10.24","551","478","","11","61","4","0.274","","","","",
"Blake, Casey","3B","AL","CLE","34","$10.04","497","442","","14","66","4","0.264","","","","",
"Duncan, David","1B","AL","NYA","28","$10.00","505","452","","22","76","3","0.239","","","","",
"Betancourt, Yuniesky","SS","AL","SEA","26","$9.89","524","492","","7","51","8","0.271","","","","",
"Scott, Luke","RF","AL","BAL","30","$9.88","469","411","","19","64","4","0.252","","","","",
"Blalock, Hank","3B","AL","TEX","27","$9.69","469","420","","15","63","4","0.263","","","","",
"Gload, Ross","1B","AL","KCA","32","$9.65","424","389","","9","56","3","0.295","","","","",
"Rolen, Scott","3B","AL","TOR","33","$9.62","503","449","","14","63","4","0.263","","","","",
"Sexson, Richie","1B","AL","SEA","33","$9.54","551","481","","21","78","1","0.245","","","","",
"Anderson, Garret","LF,DH","AL","LAA","36","$9.48","447","414","","12","65","2","0.279","","","","",
"Izturis, Maicer","2B,3B","AL","LAA","27","$9.39","417","368","","4","38","11","0.283","","","","",
"Jones, Todd","RP","AL","DET","40","$9.39","","","55","","","","","3","18","4.18","1.38",
"Cust, Jack","RF,DH","AL","OAK","29","$9.13","611","490","","23","77","1","0.238","","","","",
"Aybar, Eric","2B,SS","AL","LAA","24","$9.11","339","312","","3","30","17","0.262","","","","",
"Gathright, Joey","LF","AL","KCA","27","$9.10","329","289","","0","21","18","0.280","","","","",
"Harden, Rich","SP","AL","OAK","26","$8.93","","","100","","","","","6","0","3.42","1.24",
"Eckstein, David","SS","AL","TOR","33","$8.61","608","550","","3","47","7","0.275","","","","",
"Mora, Melvin","3B","AL","BAL","36","$8.43","457","405","","11","53","7","0.259","","","","",
"Pettitte, Andy","SP","AL","NYA","36","$8.22","","","180","","","","","11","0","4.23","1.40",
"Raburn, Ryan","2B","AL","DET","27","$8.15","349","309","","12","46","8","0.260","","","","",
"Harris, Brendan","2B,SS","AL","MIN","27","$8.06","506","457","","10","56","5","0.263","","","","",
"Walker, Jamie","RP","AL","BAL","36","$8.02","","","55","","","","","2","15","3.94","1.33",
"Blanton, Joe","SP","AL","OAK","27","$7.99","","","195","","","","","10","0","4.36","1.38",
"Kotchman, Casey","1B","AL","LAA","25","$7.93","436","384","","9","55","2","0.288","","","","",
"Bartlett, Jason","SS","AL","TBA","28","$7.91","493","441","","5","40","11","0.261","","","","",
"Weaver, Jered","SP","AL","LAA","25","$7.78","","","175","","","","","10","0","4.40","1.36",
"Escobar, Kelvim","SP","AL","LAA","32","$7.49","","","150","","","","","9","0","4.13","1.37",
"Slowey, Kevin","SP","AL","MIN","24","$7.43","","","160","","","","","8","0","4.51","1.31",
"Iwamura, Akinori","3B","AL","TBA","29","$7.40","522","460","","9","48","8","0.253","","","","",
"Reyes, Al","RP","AL","TBA","38","$7.23","","","55","","","","","3","5","3.29","1.10",
"Lopez, Jose","2B","AL","SEA","24","$7.21","539","500","","9","56","4","0.262","","","","",
"Crosby, Bobby","SS","AL","OAK","28","$7.20","469","421","","8","47","10","0.247","","","","",
"Giambi, Jason","DH","AL","NYA","37","$7.02","434","357","","21","64","2","0.234","","","","",
"Betancourt, Rafael","RP","AL","CLE","33","$6.87","","","55","","","","","3","4","3.09","1.12",
"Chavez, Eric","3B","AL","OAK","30","$6.84","471","413","","15","60","4","0.244","","","","",
"Robertson, Nate","SP","AL","DET","30","$6.83","","","175","","","","","10","0","4.38","1.39",
"Drew, J.D.","RF","AL","BOS","32","$6.78","457","387","","10","57","3","0.268","","","","",
"Garza, Matthew","SP","AL","TBA","24","$6.76","","","180","","","","","10","0","4.34","1.40",
"Quentin, Carlos","RF","AL","CHA","25","$6.67","412","358","","12","50","4","0.263","","","","",
"Perez, Rafael","RP","AL","CLE","26","$6.63","","","75","","","","","4","4","3.40","1.28",
"Broussard, Ben","1B","AL","TEX","31","$6.33","369","335","","12","49","3","0.269","","","","",
"Kennedy, Ian","SP","AL","NYA","23","$6.31","","","155","","","","","10","0","4.24","1.41",
"Crisp, Coco","CF","AL","BOS","28","$5.94","304","273","","4","30","10","0.278","","","","",
"Neshek, Patrick","RP","AL","MIN","27","$5.85","","","65","","","","","3","4","3.37","1.23",
"Duchscherer, Justin","SP","AL","OAK","30","$5.77","","","140","","","","","7","0","4.27","1.34",
"Napoli, Michael","C","AL","LAA","26","$5.75","412","347","","15","50","6","0.233","","","","",
"Baldelli, Rocco","CF","AL","TBA","26","$5.75","296","271","","9","37","7","0.268","","","","",
"Johjima, Kenji","C","AL","SEA","32","$5.58","457","422","","8","54","1","0.274","","","","",
"German, Esteban","2B,3B","AL","KCA","30","$5.53","340","296","","3","29","10","0.275","","","","",
"Millar, Kevin","1B,DH","AL","BAL","36","$5.47","459","390","","14","58","2","0.249","","","","",
"Hernandez, Ramon","C","AL","BAL","32","$5.43","444","400","","10","50","3","0.262","","","","",
"Willis, Dontrelle","SP","AL","DET","26","$5.40","","","200","","","","","12","0","4.50","1.44",
"Buchholz, Clay","SP","AL","BOS","23","$5.40","","","140","","","","","8","0","4.24","1.38",
"Wilkerson, Brad","1B,LF","AL","SEA","31","$5.38","436","377","","15","54","5","0.232","","","","",
"Greinke, Zack","SP","AL","KCA","24","$5.35","","","160","","","","","8","0","4.48","1.36",
"Crede, Joe","3B","AL","CHA","30","$5.32","436","396","","14","59","1","0.252","","","","",
"Catalanotto, Frank","LF","AL","TEX","34","$5.25","398","351","","7","47","2","0.283","","","","",
"Gaudin, Chad","SP","AL","OAK","25","$5.17","","","175","","","","","9","0","4.31","1.42",
"Vidro, Jose","DH","AL","SEA","33","$5.16","501","447","","5","48","1","0.281","","","","",
"Meche, Gil","SP","AL","KCA","29","$4.91","","","185","","","","","10","0","4.47","1.42",
"Mussina, Mike","SP","AL","NYA","39","$4.90","","","150","","","","","9","0","4.58","1.37",
"Pierzynski, A.J.","C","AL","CHA","31","$4.85","457","424","","11","53","1","0.260","","","","",
"Wang, Chien-Ming","SP","AL","NYA","28","$4.78","","","185","","","","","11","0","4.40","1.45",
"Hughes, Philip","SP","AL","NYA","22","$4.72","","","155","","","","","9","0","4.47","1.40",
"Rodriguez, Ivan","C","AL","DET","36","$4.72","412","391","","7","49","3","0.267","","","","",
"Varitek, Jason","C","AL","BOS","36","$4.68","412","354","","12","53","2","0.254","","","","",
"Accardo, Jeremy","RP","AL","TOR","26","$4.67","","","65","","","","","3","5","3.69","1.29",
"Payton, Jay","LF","AL","BAL","35","$4.36","387","359","","6","43","4","0.269","","","","",
"Okajima, Hideki","RP","AL","BOS","32","$4.32","","","60","","","","","3","5","3.68","1.29",
"Patterson, Scott","RP","AL","NYA","29","$4.31","","","60","","","","","4","1","3.51","1.20",
"Floyd, Cliff","RF","AL","TBA","35","$4.31","396","351","","10","48","3","0.257","","","","",
"Lamb, Mike","1B,3B","AL","MIN","32","$4.28","424","380","","8","50","2","0.265","","","","",
"Jones, Jacque","CF,RF","AL","DET","33","$4.21","384","353","","6","39","5","0.266","","","","",
"Howell, J.P.","Swing","AL","TBA","25","$4.15","","","110","","","","","6","0","4.15","1.35",
"Wheeler, Dan","RP","AL","TBA","30","$4.06","","","65","","","","","3","4","3.82","1.28",
"McGowan, Dustin","SP","AL","TOR","26","$3.96","","","175","","","","","9","0","4.60","1.41",
"Baker, Scott","SP","AL","MIN","26","$3.92","","","155","","","","","8","0","4.64","1.37",
"Benoit, Joaquin","RP","AL","TEX","30","$3.89","","","65","","","","","3","5","3.92","1.31",
"Buehrle, Mark","SP","AL","CHA","29","$3.88","","","180","","","","","10","0","4.72","1.41",
"Pena, Tony","SS","AL","KCA","27","$3.59","431","404","","3","38","7","0.257","","","","",
"Gobble, Jimmy","RP","AL","KCA","26","$3.53","","","65","","","","","2","4","3.57","1.31",
"Owens, Jerry","CF","AL","CHA","27","$3.44","222","202","","1","15","13","0.264","","","","",
"Grudzielanek, Mark","2B","AL","KCA","38","$3.43","408","382","","4","43","2","0.276","","","","",
"Peralta, Joel","RP","AL","KCA","32","$3.42","","","70","","","","","3","3","3.88","1.30",
"Morse, Michael","DH","AL","SEA","26","$3.35","419","379","","7","46","4","0.253","","","","",
"Sonnanstine, Andrew","SP","AL","TBA","25","$3.34","","","100","","","","","5","0","4.37","1.30",
"Laird, Gerald","C","AL","TEX","28","$3.33","370","336","","10","41","5","0.242","","","","",
"Speier, Justin","RP","AL","LAA","34","$3.07","","","55","","","","","3","2","3.63","1.24",
"Buck, John","C","AL","KCA","27","$3.06","444","396","","13","56","1","0.238","","","","",
"Murphy, David","LF","AL","TEX","26","$3.03","319","290","","7","36","4","0.266","","","","",
"Casilla, Santiago","RP","AL","OAK","28","$2.95","","","65","","","","","3","4","3.87","1.34",
"Francisco, Louis","LF","AL","CLE","26","$2.92","233","211","","6","29","6","0.272","","","","",
"Garland, Jon","SP","AL","LAA","28","$2.82","","","195","","","","","11","0","4.80","1.44",
"Westbrook, Jake","SP","AL","CLE","30","$2.74","","","175","","","","","10","0","4.53","1.46",
"Richar, Danny","2B","AL","CHA","25","$2.68","308","279","","8","34","4","0.260","","","","",
"Dellucci, David","LF","AL","CLE","34","$2.67","323","279","","10","42","3","0.250","","","","",
"Santana, Ervin","SP","AL","LAA","25","$2.58","","","145","","","","","8","0","4.62","1.41",
"Shields, Scot","RP","AL","LAA","32","$2.53","","","60","","","","","3","3","3.71","1.34",
"Rivera, Juan","DH","AL","LAA","29","$2.51","293","268","","8","42","0","0.280","","","","",
"Brown, Andrew","RP","AL","OAK","27","$2.47","","","65","","","","","3","3","3.85","1.34",
"Moore, Scott","3B","AL","BAL","24","$2.40","266","234","","10","35","4","0.249","","","","",
"Embree, Alan","RP","AL","OAK","38","$2.39","","","55","","","","","2","4","3.87","1.29",
"Michaels, Jason","LF,RF","AL","CLE","32","$2.30","326","289","","7","34","3","0.266","","","","",
"Delcarmen, Manuel","RP","AL","BOS","26","$2.28","","","60","","","","","3","3","3.80","1.34",
"Cruz, Nelson","RF","AL","TEX","27","$2.23","242","217","","9","33","4","0.256","","","","",
"Farnsworth, Kyle","RP","AL","NYA","32","$2.22","","","55","","","","","3","2","3.73","1.29",
"Frasor, Jason","RP","AL","TOR","30","$2.16","","","65","","","","","3","4","4.07","1.37",
"Navarro, Dioner","C","AL","TBA","24","$2.13","444","394","","8","47","3","0.242","","","","",
"Washburn, Jarrod","SP","AL","SEA","33","$2.09","","","160","","","","","8","0","4.70","1.42",
"Ozuna, Pablo","DH","AL","CHA","33","$1.94","274","254","","1","22","8","0.269","","","","",
"Downs, Scott","RP","AL","TOR","32","$1.93","","","55","","","","","2","3","3.63","1.32",
"Uribe, Juan","SS","AL","CHA","29","$1.87","330","299","","11","42","1","0.249","","","","",
"Millwood, Kevin","SP","AL","TEX","33","$1.78","","","160","","","","","8","0","4.67","1.43",
"Cabrera, Daniel","SP","AL","BAL","27","$1.72","","","180","","","","","9","0","4.59","1.47",
"Silva, Carlos","SP","AL","SEA","29","$1.41","","","165","","","","","8","0","4.82","1.42",
"Botts, Jason","LF","AL","TEX","27","$1.40","334","291","","10","40","2","0.242","","","","",
"Laffey, Aaron","SP","AL","CLE","23","$1.36","","","150","","","","","8","0","4.55","1.46",
"Kobayashi, Masahide","RP","AL","CLE","34","$1.21","","","50","","","","","2","9","4.85","1.46",
"Everett, Adam","SS","AL","MIN","31","$1.15","431","398","","4","36","7","0.234","","","","",
"Guerrier, Matt","RP","AL","MIN","29","$1.13","","","65","","","","","2","3","4.01","1.37",
"Saltalamacchia, Jarrod","C,1B","AL","TEX","23","$1.03","252","225","","8","33","1","0.269","","","","",
"Johnson, Reed","LF","AL","TOR","31","$0.99","317","286","","5","31","3","0.262","","","","",
"Linebrink, Scott","RP","AL","CHA","31","$0.96","","","65","","","","","3","2","4.17","1.37",
"Dotel, Octavio","RP","AL","CHA","34","$0.94","","","50","","","","","2","4","4.18","1.35",
"Callaspo, Alberto","2B","AL","KCA","25","$0.94","314","284","","3","29","3","0.272","","","","",
"Devine, Joey","RP","AL","OAK","24","$0.84","","","65","","","","","3","3","3.90","1.46",
"Hinske, Eric","1B,LF","AL","TBA","30","$0.82","279","243","","8","32","4","0.239","","","","",
"Bale, John","RP","AL","KCA","34","$0.78","","","55","","","","","2","3","3.94","1.38",
"Murphy, Donald","SS","AL","OAK","25","$0.70","275","250","","7","32","4","0.241","","","","",
"Willits, Reggie","LF,CF,RF","AL","LAA","27","$0.63","204","176","","1","15","8","0.269","","","","",
"Logan, Boone","RP","AL","CHA","23","$0.56","","","50","","","","","2","2","3.84","1.35",
"Rodney, Fernando","RP","AL","DET","31","$0.53","","","40","","","","","2","2","3.68","1.31",
"Suzuki, Kurt","C","AL","OAK","24","$0.49","401","356","","6","42","2","0.243","","","","",
"Denorfia, Chris","CF","AL","OAK","27","$0.41","254","227","","4","26","4","0.262","","","","",
"Rincon, Juan","RP","AL","MIN","29","$0.29","","","55","","","","","2","2","3.92","1.39",
"Littleton, Wes","RP","AL","TEX","25","$0.20","","","55","","","","","2","2","4.03","1.38",
"Fultz, Aaron","RP","AL","CLE","34","$0.19","","","50","","","","","2","2","3.92","1.38",
"Thornton, Matt","RP","AL","CHA","31","$0.14","","","60","","","","","2","3","4.19","1.42",
"Seay, Bobby","RP","AL","DET","30","$0.13","","","55","","","","","2","2","3.99","1.39",
"Lewis, Jensen","RP","AL","CLE","24","$0.13","","","50","","","","","2","2","3.99","1.37",
"Morrow, Brandon","RP","AL","SEA","23","$0.09","","","55","","","","","2","2","3.76","1.43",
"Monroe, Craig","LF","AL","MIN","31","$0.07","274","249","","8","36","1","0.245","","","","",
"O'Flaherty, Eric","RP","AL","SEA","23","$0.05","","","45","","","","","1","2","3.78","1.33",
"Johnson, Daniel","1B","AL","OAK","28","$0.01","280","238","","8","35","0","0.254","","","","",
"Sweeney, Ryan","LF","AL","OAK","23","$0.00","242","217","","4","26","3","0.263","","","","",
"Bonser, Boof","SP","AL","MIN","26","$0.00","","","150","","","","","7","0","4.83","1.45",
"Costa, Shane","RF","AL","KCA","26","$-0.02","214","194","","3","24","3","0.276","","","","",
"Bulger, Jason","RP","AL","LAA","29","$-0.02","","","50","","","","","2","3","3.93","1.45",
"Miller, Trever","RP","AL","TBA","35","$-0.07","","","45","","","","","2","2","4.07","1.37",
"Schilling, Curt","SP","AL","BOS","41","$-0.09","","","50","","","","","3","0","4.33","1.31",
"Rowland-Smith, Ryan","RP","AL","SEA","25","$-0.15","","","50","","","","","2","2","4.13","1.39",
"Marcum, Shaun","SP","AL","TOR","26","$-0.21","","","145","","","","","7","0","4.94","1.44",
"Span, Keiunta","CF","AL","MIN","24","$-0.22","190","172","","0","13","7","0.269","","","","",
"Crain, Jesse","RP","AL","MIN","26","$-0.23","","","45","","","","","1","1","3.79","1.32",
"Zaun, Gregg","C","AL","TOR","37","$-0.25","308","266","","7","35","0","0.252","","","","",
"Bloomquist, Willie","2B,3B,SS","AL","SEA","30","$-0.26","200","180","","1","15","7","0.256","","","","",
"Pridie, Jason","CF","AL","MIN","24","$-0.27","190","175","","3","19","5","0.259","","","","",
"Wasserman, Ehren","RP","AL","CHA","27","$-0.31","","","55","","","","","2","2","4.11","1.43",
"Zumaya, Joel","RP","AL","DET","23","$-0.39","","","30","","","","","1","1","3.45","1.26",
"Hannahan, Jack","3B","AL","OAK","28","$-0.39","253","217","","6","28","2","0.250","","","","",
"Balentien, Wladimir","DH","AL","SEA","23","$-0.40","209","187","","6","25","4","0.235","","","","",
"Wakefield, Tim","SP","AL","BOS","41","$-0.41","","","140","","","","","8","0","4.99","1.46",
"Glover, Gary","RP","AL","TBA","31","$-0.42","","","45","","","","","2","1","4.12","1.36",
"Lind, Adam","LF","AL","TOR","24","$-0.45","203","184","","6","26","1","0.266","","","","",
"Hoey, James","RP","AL","BAL","25","$-0.46","","","60","","","","","2","3","4.44","1.44",
"Francisco, Frank","RP","AL","TEX","28","$-0.48","","","65","","","","","2","2","4.22","1.44",
"Salas, Juan","RP","AL","TBA","29","$-0.48","","","50","","","","","2","1","4.15","1.38",
"Timlin, Mike","RP","AL","BOS","42","$-0.50","","","55","","","","","2","1","4.36","1.36",
"Punto, Nick","2B,3B,SS","AL","MIN","30","$-0.56","284","252","","1","20","7","0.238","","","","",
"Fukumori, Kazuo","RP","AL","TEX","31","$-0.65","","","50","","","","","2","8","4.89","1.62",
"MacDougal, Mike","RP","AL","CHA","31","$-0.66","","","50","","","","","2","2","4.04","1.46",
"Britton, Chris","RP","AL","NYA","25","$-0.67","","","50","","","","","2","1","4.28","1.38",
"Calero, Kiko","RP","AL","OAK","33","$-0.68","","","50","","","","","2","2","4.23","1.44",
"Hernandez, Luis","SS","AL","BAL","24","$-0.69","370","345","","1","26","6","0.236","","","","",
"Rogers, Kenny","SP","AL","DET","43","$-0.77","","","90","","","","","5","0","4.67","1.46",
"Morales, Kendry","1B","AL","LAA","25","$-0.80","201","186","","5","27","0","0.274","","","","",
"Wood, Brandon","SS","AL","LAA","23","$-0.93","161","145","","5","22","3","0.250","","","","",
"Gonzalez, Gio","SP","AL","OAK","22","$-0.95","","","75","","","","","4","0","4.48","1.46",
"Gibbons, Jay","LF,DH","AL","BAL","31","$-0.97","206","187","","6","27","0","0.263","","","","",
"Betemit, Wilson","3B","AL","NYA","26","$-0.99","195","172","","6","26","1","0.255","","","","",
"Mastny, Thomas","RP","AL","CLE","27","$-1.03","","","50","","","","","2","1","4.12","1.44",
"Shelton, Chris","1B","AL","TEX","28","$-1.05","201","174","","6","25","1","0.256","","","","",
"Olivo, Miguel","C","AL","KCA","29","$-1.06","190","180","","5","23","3","0.242","","","","",
"Bynum, Freddie","LF","AL","BAL","28","$-1.13","168","154","","2","15","6","0.242","","","","",
"Litsch, Jesse","SP","AL","TOR","23","$-1.21","","","140","","","","","7","0","5.03","1.47",
"Grilli, Jason","RP","AL","DET","31","$-1.21","","","70","","","","","3","1","4.52","1.47",
"Bradford, Chad","RP","AL","BAL","33","$-1.26","","","60","","","","","2","2","4.40","1.48",
"Ruggiano, Justin","RF","AL","TBA","26","$-1.31","152","135","","4","17","4","0.246","","","","",
"Green, Sean","RP","AL","SEA","29","$-1.32","","","50","","","","","2","1","3.98","1.49",
"Lee, Cliff","Swing","AL","CLE","29","$-1.34","","","95","","","","","5","0","4.95","1.45",
"Saunders, Joseph","SP","AL","LAA","27","$-1.35","","","150","","","","","8","0","4.92","1.50",
"Contreras, Jose","SP","AL","CHA","36","$-1.38","","","135","","","","","7","0","5.01","1.48",
"Cruceta, Francisco","RP","AL","DET","26","$-1.43","","","60","","","","","3","1","4.42","1.49",
"Byrd, Paul","SP","AL","CLE","37","$-1.46","","","120","","","","","6","0","5.13","1.44",
"Dohmann, Scott","RP","AL","TBA","30","$-1.47","","","45","","","","","2","1","4.31","1.44",
"Baek, Cha","Swing","AL","SEA","28","$-1.54","","","85","","","","","3","0","4.80","1.42",
"Mujica, Edward","RP","AL","CLE","24","$-1.63","","","25","","","","","1","1","4.16","1.32",
"Batista, Miguel","SP","AL","SEA","37","$-1.64","","","155","","","","","7","0","4.77","1.52",
"Aquino, Greg","RP","AL","BAL","30","$-1.64","","","55","","","","","2","2","4.53","1.49",
"Vazquez, Ramon","3B","AL","TEX","31","$-1.66","282","245","","4","24","2","0.243","","","","",
"Casilla, Alexi","2B","AL","MIN","23","$-1.76","127","115","","0","8","6","0.265","","","","",
"Feldman, Scott","RP","AL","TEX","25","$-1.98","","","55","","","","","2","1","4.37","1.50",
"Guardado, Eddie","RP","AL","TEX","37","$-1.99","","","40","","","","","1","1","4.53","1.39",
"Reyes, Dennis","RP","AL","MIN","31","$-2.01","","","45","","","","","1","2","3.91","1.56",
"Nunez, Leonel","RP","AL","KCA","24","$-2.07","","","70","","","","","3","0","4.99","1.42",
"Blevins, Jerry","RP","AL","OAK","24","$-2.08","","","55","","","","","2","1","4.70","1.45",
"Veras, Jose","RP","AL","NYA","27","$-2.08","","","50","","","","","2","2","4.68","1.50",
"Balfour, Grant","RP","AL","TBA","30","$-2.18","","","45","","","","","2","2","4.59","1.53",
"Bootcheck, Chris","RP","AL","LAA","29","$-2.23","","","45","","","","","2","1","4.57","1.48",
"Oliver, Darren","RP","AL","LAA","37","$-2.25","","","40","","","","","1","1","4.41","1.44",
"Tallet, Brian","RP","AL","TOR","30","$-2.32","","","50","","","","","2","1","4.72","1.47",
"Hawkins, La Troy","RP","AL","NYA","35","$-2.39","","","55","","","","","2","1","4.63","1.49",
"Albaladejo, Jonathan","RP","AL","NYA","25","$-2.41","","","45","","","","","2","0","4.62","1.44",
"Hammel, Jason","SP","AL","TBA","25","$-2.43","","","45","","","","","2","0","4.64","1.44",
"Miner, Zachary","Swing","AL","DET","26","$-2.44","","","85","","","","","4","0","4.67","1.52",
"Eveland, Dana","SP","AL","OAK","24","$-2.45","","","85","","","","","4","0","4.69","1.52",
"Colon, Bartolo","SP","AL","BOS","35","$-2.45","","","35","","","","","2","0","4.80","1.41",
"Huber, Jonathan","RP","AL","SEA","26","$-2.47","","","30","","","","","1","1","4.41","1.45",
"Byrdak, Tim","RP","AL","DET","34","$-2.53","","","50","","","","","2","1","4.49","1.53",
"Mccarthy, Brandon","SP","AL","TEX","24","$-2.53","","","110","","","","","5","0","5.08","1.48",
"Lopez, Javier","RP","AL","BOS","30","$-2.54","","","45","","","","","2","1","4.41","1.54",
"Perez, Oneli","RP","AL","CHA","25","$-2.57","","","45","","","","","2","0","4.60","1.46",
"Bowen, Rob","C","AL","OAK","27","$-2.58","215","187","","5","23","1","0.234","","","","",
"Mahay, Ron","RP","AL","KCA","37","$-2.64","","","45","","","","","1","2","4.53","1.52",
"Mcdonald, John","SS","AL","TOR","33","$-2.73","152","138","","1","12","4","0.246","","","","",
"Mathis, Jeffrey","C","AL","LAA","25","$-2.80","190","172","","4","22","1","0.238","","","","",
"Jackson, Edwin","SP","AL","TBA","24","$-2.80","","","100","","","","","5","0","4.93","1.52",
"Braun, Ryan","RP","AL","KCA","27","$-2.82","","","40","","","","","1","1","4.58","1.48",
"Padilla, Vicente","SP","AL","TEX","30","$-2.84","","","135","","","","","7","0","5.04","1.52",
"Wolfe, Brian","RP","AL","TOR","28","$-2.85","","","45","","","","","1","1","4.76","1.45",
"Marte, Andy","3B","AL","CLE","24","$-2.90","154","138","","5","21","0","0.245","","","","",
"Jimerson, Charlton","LF","AL","SEA","28","$-2.93","104","95","","3","11","4","0.222","","","","",
"Scutaro, Marco","3B,SS","AL","TOR","32","$-2.94","169","148","","3","16","1","0.257","","","","",
"Wells, Randy","Swing","AL","TOR","25","$-2.99","","","45","","","","","2","0","4.62","1.50",
"Thompson, Richard","Swing","AL","LAA","23","$-3.04","","","35","","","","","1","0","4.65","1.42",
"Aybar, Willy","3B","AL","TBA","25","$-3.05","165","147","","3","17","1","0.253","","","","",
"Shoppach, Kelly","C","AL","CLE","28","$-3.08","176","157","","6","22","0","0.230","","","","",
"Yabuta, Yasuhiko","RP","AL","KCA","35","$-3.15","","","50","","","","","1","1","4.73","1.49",
"Stewart, Shannon","LF","AL","TOR","34","$-3.20","127","115","","2","13","1","0.276","","","","",
"Ensberg, Morgan","3B","AL","NYA","32","$-3.26","127","107","","5","18","0","0.246","","","","",
"Bruney, Brian","RP","AL","NYA","26","$-3.33","","","40","","","","","2","0","4.59","1.54",
"Guthrie, Jeremy","SP","AL","BAL","29","$-3.34","","","150","","","","","7","0","5.18","1.50",
"Tomko, Brett","Swing","AL","KCA","35","$-3.39","","","95","","","","","4","0","5.11","1.49",
"Guzman, Joel","3B","AL","TBA","23","$-3.39","137","126","","3","16","2","0.232","","","","",
"Cora, Alex","2B,SS","AL","BOS","32","$-3.39","200","182","","1","17","2","0.245","","","","",
"Barfield, Joshua","2B","AL","CLE","25","$-3.40","111","102","","2","11","2","0.260","","","","",
"Bannister, Brian","SP","AL","KCA","27","$-3.44","","","145","","","","","7","0","5.15","1.52",
"Gonzalez, Carlos","CF","AL","OAK","22","$-3.47","127","117","","3","15","1","0.251","","","","",
"Jennings, Jason","SP","AL","TEX","29","$-3.49","","","140","","","","","7","0","5.13","1.53",
"Quiroz, Guillermo","C","AL","BAL","26","$-3.54","190","175","","5","22","0","0.229","","","","",
"Barajas, Rod","C","AL","TOR","32","$-3.60","185","165","","5","21","0","0.229","","","","",
"Santiago, Ramon","SS","AL","DET","28","$-3.60","167","152","","1","14","2","0.249","","","","",
"Traber, Billy","Swing","AL","NYA","28","$-3.61","","","45","","","","","2","0","4.96","1.51",
"League, Brandon","RP","AL","TOR","25","$-3.62","","","45","","","","","2","0","4.73","1.54",
"Snyder, Kyle","RP","AL","BOS","30","$-3.64","","","45","","","","","2","0","4.93","1.51",
"Inge, Brandon","3B","AL","DET","31","$-3.66","131","116","","3","15","1","0.245","","","","",
"Corey, Bryan","RP","AL","BOS","34","$-3.72","","","35","","","","","1","0","4.70","1.50",
"Depaula, Julio","RP","AL","MIN","25","$-3.73","","","65","","","","","2","1","4.79","1.56",
"Perkins, Glen","Swing","AL","MIN","25","$-3.75","","","80","","","","","3","1","4.98","1.54",
"Zobrist, Ben","SS","AL","TBA","27","$-3.77","157","137","","1","12","2","0.251","","","","",
"White, Sean","RP","AL","SEA","27","$-3.84","","","50","","","","","1","0","4.56","1.52",
"De Los Santos, Faustino","SP","AL","OAK","22","$-3.85","","","25","","","","","1","0","4.87","1.51",
"Molina, Jose","C","AL","NYA","33","$-3.85","167","153","","2","18","1","0.240","","","","",
"Bautista, Denny","Swing","AL","DET","27","$-3.90","","","60","","","","","3","0","4.81","1.58",
"Cali, Carmen","RP","AL","MIN","29","$-3.95","","","35","","","","","1","1","4.73","1.60",
"Cherry, Rocky","RP","AL","BAL","28","$-3.97","","","65","","","","","2","2","5.17","1.55",
"Rheinecker, John","RP","AL","TEX","29","$-3.99","","","70","","","","","3","0","4.97","1.54",
"Hansack, Devorn","RP","AL","BOS","30","$-4.03","","","45","","","","","2","0","5.21","1.51",
"Egbert, John","SP","AL","CHA","25","$-4.04","","","45","","","","","2","0","4.96","1.55",
"Floyd, Gavin","SP","AL","CHA","25","$-4.05","","","135","","","","","6","0","5.20","1.51",
"Niemann, Jeff","SP","AL","TBA","25","$-4.10","","","85","","","","","4","0","5.13","1.54",
"Musser, Neal","RP","AL","KCA","27","$-4.13","","","35","","","","","1","1","4.97","1.58",
"Mulvey, Kevin","Swing","AL","MIN","23","$-4.14","","","65","","","","","3","0","5.18","1.53",
"Birkins, Kurt","RP","AL","TBA","27","$-4.16","","","45","","","","","2","0","5.05","1.55",
"Fahey, Brandon","SS","AL","BAL","27","$-4.18","154","137","","0","10","3","0.239","","","","",
"Buscher, Brian","3B","AL","MIN","27","$-4.21","130","117","","2","13","1","0.245","","","","",
"Redmond, Mike","C","AL","MIN","37","$-4.22","148","136","","0","14","0","0.274","","","","",
"Moseley, Dustin","RP","AL","LAA","26","$-4.30","","","55","","","","","2","0","5.06","1.53",
"Shealy, Ryan","1B","AL","KCA","28","$-4.43","97","87","","3","13","0","0.250","","","","",
"Hall, Toby","C","AL","CHA","32","$-4.45","163","152","","2","17","0","0.243","","","","",
"Humber, Philip","SP","AL","MIN","25","$-4.46","","","40","","","","","1","0","5.22","1.50",
"Vasquez, Matt","SP","AL","DET","26","$-4.49","","","25","","","","","1","0","5.58","1.51",
"Lester, Jon","SP","AL","BOS","24","$-4.60","","","135","","","","","7","0","5.04","1.58",
"Kielty, Bobby","RF","AL","BOS","31","$-4.63","101","89","","2","12","0","0.260","","","","",
"Dinardo, Leonard","SP","AL","OAK","28","$-4.79","","","90","","","","","4","0","5.11","1.56",
"Sowers, Jeremy","SP","AL","CLE","25","$-4.82","","","55","","","","","2","0","5.31","1.53",
"Carroll, Jamey","2B,3B","AL","CLE","34","$-4.86","111","96","","0","8","2","0.246","","","","",
"Redman, Tike","CF","AL","BAL","31","$-4.87","67","61","","0","5","2","0.268","","","","",
"Clement, Jeffrey","C","AL","SEA","24","$-4.94","97","87","","2","12","0","0.249","","","","",
"Adams, Russ","3B","AL","TOR","27","$-4.99","99","89","","1","9","1","0.248","","","","",
"Olson, Garrett","SP","AL","BAL","24","$-5.01","","","125","","","","","5","0","5.05","1.56",
"Loewen, Adam","SP","AL","BAL","24","$-5.04","","","125","","","","","6","0","4.94","1.60",
"Banks, Josh","RP","AL","TOR","25","$-5.06","","","55","","","","","2","0","5.74","1.48",
"Tavarez, Julian","Swing","AL","BOS","35","$-5.12","","","80","","","","","4","0","5.27","1.58",
"Lowrie, Jed","SS","AL","BOS","24","$-5.12","95","83","","1","11","0","0.261","","","","",
"Cash, Kevin","C","AL","BOS","30","$-5.23","222","197","","4","23","0","0.205","","","","",
"Albers, Matthew","SP","AL","BAL","25","$-5.24","","","85","","","","","3","0","5.07","1.57",
"Bazardo, Yorman","Swing","AL","DET","23","$-5.26","","","45","","","","","2","0","5.47","1.58",
"Cairo, Miguel","1B,3B","AL","SEA","34","$-5.28","68","60","","0","5","2","0.247","","","","",
"Choo, Shin-Soo","RF","AL","CLE","25","$-5.31","63","56","","1","6","1","0.255","","","","",
"Jones, Garrett","RF","AL","MIN","27","$-5.39","108","99","","2","12","0","0.232","","","","",
"Duckworth, Brandon","RP","AL","KCA","32","$-5.42","","","35","","","","","1","0","5.47","1.59",
"Riggans, Shawn","C","AL","TBA","27","$-5.47","95","87","","2","10","0","0.237","","","","",
"Wilson, Vance","C","AL","DET","35","$-5.48","127","114","","2","12","0","0.230","","","","",
"Casey, Sean","1B","AL","BOS","33","$-5.50","68","62","","0","8","0","0.285","","","","",
"Gonzalez, Alberto","SS","AL","NYA","25","$-5.53","69","63","","0","6","1","0.261","","","","",
"Sweeney, Mike","DH","AL","OAK","34","$-5.61","69","62","","1","9","0","0.255","","","","",
"Danks, John","SP","AL","CHA","23","$-5.80","","","140","","","","","7","0","5.53","1.53",
"White, Bill","Swing","AL","TEX","29","$-5.83","","","45","","","","","1","1","5.11","1.68",
"Moss, Brandon","RF","AL","BOS","24","$-5.88","65","58","","1","8","0","0.247","","","","",
"Smith, Gregory","SP","AL","OAK","24","$-5.90","","","55","","","","","2","0","5.51","1.58",
"Burke, Jamie","C","AL","SEA","36","$-5.93","97","88","","1","9","0","0.237","","","","",
"Meyer, Daniel","RP","AL","OAK","26","$-5.94","","","75","","","","","3","0","5.54","1.56",
"Fasano, Sal","C","AL","TOR","36","$-6.00","61","56","","2","7","0","0.224","","","","",
"Bierd, Randor","RP","AL","BAL","24","$-6.03","","","65","","","","","2","0","5.23","1.60",
"Loe, Kameron","SP","AL","TEX","26","$-6.06","","","100","","","","","4","0","5.30","1.57",
"Thigpen, Curtis","C","AL","TOR","25","$-6.09","61","54","","1","6","0","0.247","","","","",
"Difelice, Mike","C","AL","TBA","39","$-6.31","95","86","","1","9","0","0.223","","","","",
"Metcalf, Travis","3B","AL","TEX","25","$-6.37","67","60","","1","7","0","0.226","","","","",
"Quinlan, Robb","1B","AL","LAA","31","$-6.55","33","30","","0","4","0","0.271","","","","",
"Sisco, Andrew","RP","AL","CHA","25","$-6.56","","","40","","","","","1","0","5.64","1.65",
"Gabbard, Kason","SP","AL","TEX","26","$-6.57","","","115","","","","","5","0","5.18","1.61",
"Hochevar, Luke","SP","AL","KCA","24","$-6.62","","","100","","","","","4","0","5.53","1.56",
"Reed, Jeremy","CF","AL","SEA","27","$-6.66","38","34","","0","3","0","0.267","","","","",
"Broadway, Lance","SP","AL","CHA","24","$-6.92","","","30","","","","","1","0","6.11","1.74",
"Melillo, Kevin","2B","AL","OAK","26","$-6.99","37","32","","0","3","0","0.236","","","","",
"Brignac, Reid","SS","AL","TBA","22","$-7.00","30","28","","0","3","0","0.235","","","","",
"Sarfate, Dennis","RP","AL","BAL","27","$-7.01","","","65","","","","","2","2","5.00","1.77",
"Jimenez, Cesar","RP","AL","SEA","23","$-7.06","","","60","","","","","2","0","5.55","1.64",
"Lucy, Donald","C","AL","CHA","25","$-7.07","32","29","","0","3","0","0.227","","","","",
"Budde, Ryan","C","AL","LAA","28","$-7.16","31","28","","0","3","0","0.216","","","","",
"Blackburn, Robert","SP","AL","MIN","26","$-7.25","","","60","","","","","2","0","5.99","1.58",
"Masset, Nicholas","RP","AL","CHA","26","$-7.26","","","40","","","","","1","0","5.90","1.68",
"Melhuse, Adam","C","AL","TEX","36","$-7.29","61","56","","0","5","0","0.206","","","","",
"Rupe, Joshua","RP","AL","TEX","25","$-7.30","","","55","","","","","2","0","5.62","1.67",
"Burres, Brian","RP","AL","BAL","27","$-7.55","","","55","","","","","2","0","5.79","1.66",
"Chacin, Gustavo","SP","AL","TOR","27","$-8.01","","","100","","","","","4","0","5.72","1.58",
"de la Rosa, Jorge","SP","AL","KCA","27","$-8.21","","","100","","","","","4","0","5.53","1.62",
"Dickey, R.a.","Swing","AL","SEA","33","$-8.31","","","90","","","","","3","0","5.65","1.61",
"Hernandez, Livan","SP","AL","MIN","33","$-8.95","","","150","","","","","6","0","5.54","1.58",
"Haeger, Charles","SP","AL","CHA","24","$-9.11","","","50","","","","","2","0","6.25","1.75",
"Adenhart, Nicholas","SP","AL","LAA","21","$-9.51","","","50","","","","","2","0","6.09","1.81",
"Davies, Kyle","SP","AL","KCA","24","$-9.97","","","115","","","","","5","0","5.73","1.64",
"Leicester, Jon","SP","AL","BAL","29","$-10.01","","","85","","","","","3","0","5.94","1.66",
"McCrory, Robert","RP","AL","BAL","26","$-11.95","","","55","","","","","2","0","6.34","1.89",
"Mendoza, Luis","SP","AL","TEX","24","$-13.99","","","65","","","","","2","0","6.99","1.80",
"Trachsel, Steve","SP","AL","BAL","37","$-15.78","","","100","","","","","3","0","6.28","1.77",
